-- MySQL dump 10.13  Distrib 8.0.13, for Win64 (x86_64)
--
-- Host: 127.0.0.1    Database: cms
-- ------------------------------------------------------
-- Server version	8.0.15

/*!40101 SET @OLD_CHARACTER_SET_CLIENT=@@CHARACTER_SET_CLIENT */;
/*!40101 SET @OLD_CHARACTER_SET_RESULTS=@@CHARACTER_SET_RESULTS */;
/*!40101 SET @OLD_COLLATION_CONNECTION=@@COLLATION_CONNECTION */;
 SET NAMES utf8 ;
/*!40103 SET @OLD_TIME_ZONE=@@TIME_ZONE */;
/*!40103 SET TIME_ZONE='+00:00' */;
/*!40014 SET @OLD_UNIQUE_CHECKS=@@UNIQUE_CHECKS, UNIQUE_CHECKS=0 */;
/*!40014 SET @OLD_FOREIGN_KEY_CHECKS=@@FOREIGN_KEY_CHECKS, FOREIGN_KEY_CHECKS=0 */;
/*!40101 SET @OLD_SQL_MODE=@@SQL_MODE, SQL_MODE='NO_AUTO_VALUE_ON_ZERO' */;
/*!40111 SET @OLD_SQL_NOTES=@@SQL_NOTES, SQL_NOTES=0 */;

--
-- Table structure for table `basedict`
--

DROP TABLE IF EXISTS `basedict`;
/*!40101 SET @saved_cs_client     = @@character_set_client */;
 SET character_set_client = utf8mb4 ;
CREATE TABLE `basedict` (
  `dict_id` varchar(50) NOT NULL,
  `dict_type_code` varchar(50) DEFAULT NULL,
  `dict_type_name` varchar(50) DEFAULT NULL,
  `dict_item_name` varchar(50) DEFAULT NULL,
  `dict_item_code` varchar(50) DEFAULT NULL,
  `dict_sort` int(50) DEFAULT NULL,
  `dict_enable` char(10) DEFAULT NULL,
  `dict_memo` varchar(100) DEFAULT NULL,
  PRIMARY KEY (`dict_id`)
) ENGINE=InnoDB DEFAULT CHARSET=utf8;
/*!40101 SET character_set_client = @saved_cs_client */;

--
-- Dumping data for table `basedict`
--

LOCK TABLES `basedict` WRITE;
/*!40000 ALTER TABLE `basedict` DISABLE KEYS */;
INSERT INTO `basedict` VALUES ('1','001','客户行业','教育培训 ',NULL,1,'1',NULL),('10','003','公司性质','民企',NULL,3,'1',NULL),('12','004','年营业额','1-10万',NULL,1,'1',NULL),('13','004','年营业额','10-20万',NULL,2,'1',NULL),('14','004','年营业额','20-50万',NULL,3,'1',NULL),('15','004','年营业额','50-100万',NULL,4,'1',NULL),('16','004','年营业额','100-500万',NULL,5,'1',NULL),('17','004','年营业额','500-1000万',NULL,6,'1',NULL),('18','005','客户状态','基础客户',NULL,1,'1',NULL),('19','005','客户状态','潜在客户',NULL,2,'1',NULL),('2','001','客户行业','电子商务',NULL,2,'1',NULL),('20','005','客户状态','成功客户',NULL,3,'1',NULL),('21','005','客户状态','无效客户',NULL,4,'1',NULL),('22','006','客户级别','普通客户',NULL,1,'1',NULL),('23','006','客户级别','VIP客户',NULL,2,'1',NULL),('24','007','商机状态','意向客户',NULL,1,'1',NULL),('25','007','商机状态','初步沟通',NULL,2,'1',NULL),('26','007','商机状态','深度沟通',NULL,3,'1',NULL),('27','007','商机状态','签订合同',NULL,4,'1',NULL),('3','001','客户行业','对外贸易',NULL,3,'1',NULL),('30','008','商机类型','新业务',NULL,1,'1',NULL),('31','008','商机类型','现有业务',NULL,2,'1',NULL),('32','009','商机来源','电话营销',NULL,1,'1',NULL),('33','009','商机来源','网络营销',NULL,2,'1',NULL),('34','009','商机来源','推广活动',NULL,3,'1',NULL),('4','001','客户行业','酒店旅游',NULL,4,'1',NULL),('5','001','客户行业','房地产',NULL,5,'1',NULL),('6','002','客户信息来源','电话营销',NULL,1,'1',NULL),('7','002','客户信息来源','网络营销',NULL,2,'1',NULL),('8','003','公司性质','合资',NULL,1,'1',NULL),('9','003','公司性质','国企',NULL,2,'1',NULL);
/*!40000 ALTER TABLE `basedict` ENABLE KEYS */;
UNLOCK TABLES;

--
-- Table structure for table `customer`
--

DROP TABLE IF EXISTS `customer`;
/*!40101 SET @saved_cs_client     = @@character_set_client */;
 SET character_set_client = utf8mb4 ;
CREATE TABLE `customer` (
  `cus_id` int(50) NOT NULL AUTO_INCREMENT,
  `cus_name` varchar(50) DEFAULT NULL,
  `cus_user_id` int(50) DEFAULT NULL,
  `cus_create_id` int(50) DEFAULT NULL,
  `cus_source` varchar(50) DEFAULT NULL,
  `cus_industry` varchar(50) DEFAULT NULL,
  `cus_level` varchar(50) DEFAULT NULL,
  `cus_linkman` varchar(50) DEFAULT NULL,
  `cus_phone` varchar(50) DEFAULT NULL,
  `cus_mobile` varchar(50) DEFAULT NULL,
  `cus_zipcode` varchar(50) DEFAULT NULL,
  `cus_address` varchar(100) DEFAULT NULL,
  `cus_createtime` datetime DEFAULT NULL,
  PRIMARY KEY (`cus_id`)
) ENGINE=InnoDB AUTO_INCREMENT=95 DEFAULT CHARSET=utf8;
/*!40101 SET character_set_client = @saved_cs_client */;

--
-- Dumping data for table `customer`
--

LOCK TABLES `customer` WRITE;
/*!40000 ALTER TABLE `customer` DISABLE KEYS */;
INSERT INTO `customer` VALUES (1,'小宏',3,3,'7','4','22','小晴','010-12345678','15622948486','526300','西湖路广东科技学院','2019-04-04 16:32:45'),(2,'李安',3,3,'6','2','22','小雪','010-12345678','135454444444','526300','东莞南城区西湖路','2019-04-04 16:32:46'),(3,'晶晶',3,3,'6','2','22','小雪','010-12345678','135454444444','526300','东莞南城区西湖路','2019-04-04 16:32:46'),(4,'张三',4,4,'7','5','23','小霞','010-12345678','135454444444','625300','西湖路广东科技学院','2019-04-04 16:32:46'),(5,'李安',2,2,'6','2','22','小雪','010-12345678','135454444444','526300','东莞南城区西湖路','2019-04-04 16:32:46'),(6,'李安',4,4,'6','2','22','小雪','010-12345678','135454444444','526300','东莞南城区西湖路','2019-04-04 16:32:46'),(7,'李安',3,3,'6','2','22','小雪','010-12345678','135454444444','526300','东莞南城区西湖路','2019-04-04 16:32:46'),(8,'李安',1,1,'6','2','22','小雪','010-12345678','135454444444','526300','东莞南城区西湖路','2019-04-04 16:32:47'),(9,'李安',2,2,'6','2','22','小雪','010-12345678','135454444444','526300','东莞南城区西湖路','2019-04-04 16:32:47'),(10,'李安',3,3,'6','2','22','小雪','010-12345678','135454444444','526300','东莞南城区西湖路','2019-04-04 16:32:47'),(11,'李安',3,3,'7','1','23','小雪','010-8235438','13755555555','100000','东莞南城区西湖路','2017-05-05 10:23:07'),(12,'李安',2,2,'6','2','22','小雪','010-0000000','13288546521','100859','东莞南城区西湖路','2017-05-05 10:51:08'),(13,'小洛',1,1,'6','1','22','小雪','01062872234','13521023333','100000','东莞南城区西湖路','2017-05-05 10:57:09'),(14,'小张',1,1,'7','3','23','小雪','010-12345678','13848399998','526300','东莞南城区西湖路','2019-04-04 16:32:01'),(15,'李安',2,2,'7','3','23','小雪','010-12345678','135454444444','526300','东莞南城区西湖路','2019-04-04 16:32:01'),(16,'小李',3,3,'6','2','22','小雪','010-12345678','135454444444','526300','东莞南城区西湖路','2019-04-04 16:32:01'),(17,'小赵',4,4,'6','4','23','小雪','010-12345678','135454444444','526300','东莞南城区西湖路','2019-04-04 16:32:02'),(22,'小明',3,3,'6','2','23','小雪','010-12345678','135454444444','526300','东莞南城区西湖路','2019-04-04 16:32:03'),(24,'小伟',2,2,'7','5','22','小雪','010-12345678','135454444444','526300','东莞南城区西湖路','2019-04-04 16:32:03'),(25,'Tom',3,3,'6','2','22','小雪','010-12345678','135454444444','526300','东莞南城区西湖路','2019-04-04 16:32:03'),(26,'jack',2,2,'6','2','22','小雪','010-12345678','135454444444','526300','东莞南城区西湖路','2019-04-04 16:32:03'),(28,'Rose',2,2,'6','2','22','小雪','010-12345678','135454444444','526300','东莞南城区西湖路','2019-04-04 16:32:04'),(29,'小韩',1,1,'7','1','23','小雪','010-88888886','13888888886','526300','东莞南城区西湖路','2019-04-04 16:32:04'),(30,'小叶',2,2,'6','2','23','小雪','010-12345678','135454444444','526300','东莞南城区西湖路','2019-04-04 16:32:04'),(31,'小韩',4,4,'7','1','22','小雪','010-12345678','135454444444','526300','东莞南城区西湖路','2019-04-04 16:32:04'),(33,'小海',3,3,'6','2','22','小雪','010-12345678','135454444444','526300','东莞南城区西湖路','2019-04-04 16:32:04'),(34,'小韩',4,4,'6','2','22','小雪','010-12345678','135454444444','526300','东莞南城区西湖路','2019-04-04 16:32:05'),(35,'小姜',3,3,'6','2','22','小雪','010-12345678','135454444444','526300','东莞南城区西湖路','2019-04-04 16:32:05'),(36,'小韩',4,4,'6','2','22','小雪','010-12345678','135454444444','526300','东莞南城区西湖路','2019-04-04 16:32:05'),(37,'小梦',3,3,'6','2','22','小雪','010-12345678','135454444444','526300','东莞南城区西湖路','2019-04-04 16:32:05'),(38,'小孙',3,3,'6','2','22','小雪','010-12345678','135454444444','526300','东莞南城区西湖路','2019-04-04 16:32:05'),(39,'李安',3,3,'6','2','22','小雪','010-12345678','135454444444','526300','东莞南城区西湖路','2019-04-04 16:32:06'),(40,'李安',3,3,'6','2','22','小雪','010-12345678','135454444444','526300','东莞南城区西湖路','2019-04-04 16:32:06'),(41,'李安',2,2,'6','2','22','小雪','010-12345678','135454444444','526300','东莞南城区西湖路','2019-04-04 16:32:06'),(42,'李安',1,1,'6','2','22','小雪','010-12345678','135454444444','526300','东莞南城区西湖路','2019-04-04 16:32:06'),(43,'李安',2,2,'6','2','22','小雪','010-12345678','135454444444','526300','东莞南城区西湖路','2019-04-04 16:32:06'),(44,'李安',3,3,'6','2','22','小雪','010-12345678','135454444444','526300','东莞南城区西湖路','2019-04-04 16:32:07'),(45,'李安',3,3,'6','2','22','小雪','010-12345678','135454444444','526300','东莞南城区西湖路','2019-04-04 16:32:07'),(46,'李安',4,4,'6','2','22','小雪','010-12345678','135454444444','526300','东莞南城区西湖路','2019-04-04 16:32:07'),(47,'李安',4,4,'6','2','22','小雪','010-12345678','135454444444','526300','东莞南城区西湖路','2019-04-04 16:32:07'),(48,'小高',5,5,'6','2','22','小雪','010-12345678','135454444444','526300','东莞南城区西湖路','2019-04-04 16:32:07'),(49,'小韩',4,4,'6','2','22','小雪','010-12345678','135454444444','526300','东莞南城区西湖路','2019-04-04 16:32:07'),(50,'小钱',3,3,'6','2','22','小雪','010-12345678','135454444444','526300','东莞南城区西湖路','2019-04-04 16:32:08'),(51,'小韩',2,2,'6','2','22','小雪','010-12345678','135454444444','526300','东莞南城区西湖路','2019-04-04 16:32:08'),(52,'小周',2,2,'6','2','22','小雪','010-12345678','135454444444','526300','东莞南城区西湖路','2019-04-04 16:32:08'),(53,'小韩',1,1,'6','2','22','小雪','010-12345678','135454444444','526300','东莞南城区西湖路','2019-04-04 16:32:08'),(54,'小丽',1,1,'6','2','22','小雪','010-12345678','135454444444','526300','东莞南城区西湖路','2019-04-04 16:32:08'),(55,'李安',1,1,'6','2','22','小雪','010-12345678','135454444444','526300','东莞南城区西湖路','2019-04-04 16:32:08'),(56,'李安',2,2,'6','2','22','小雪','010-12345678','135454444444','526300','东莞南城区西湖路','2019-04-04 16:32:09'),(57,'李安',2,2,'6','2','22','小雪','010-12345678','135454444444','526300','东莞南城区西湖路','2019-04-04 16:32:09'),(59,'李四',3,3,'6','2','22','小雪','010-12345678','135454444444','526300','东莞南城区西湖路','2019-04-04 16:32:29'),(60,'李安',3,3,'6','2','22','小雪','010-12345678','135454444444','526300','东莞南城区西湖路','2019-04-04 16:32:29'),(61,'李安',3,3,'6','2','22','小雪','010-12345678','135454444444','526300','东莞南城区西湖路','2019-04-04 16:32:29'),(62,'李安',4,4,'6','2','22','小雪','010-12345678','135454444444','526300','东莞南城区西湖路','2019-04-04 16:32:29'),(63,'李安',4,4,'6','2','22','小雪','010-12345678','135454444444','526300','东莞南城区西湖路','2019-04-04 16:32:30'),(64,'李安',4,4,'6','2','22','小雪','010-12345678','135454444444','526300','东莞南城区西湖路','2019-04-04 16:32:30'),(65,'王五',4,4,'6','2','22','小雪','010-12345678','135454444444','526300','东莞南城区西湖路','2019-04-04 16:32:30'),(66,'李安',3,3,'6','2','22','小雪','010-12345678','135454444444','526300','东莞南城区西湖路','2019-04-04 16:32:30'),(67,'李安',3,3,'6','2','22','小雪','010-12345678','135454444444','526300','东莞南城区西湖路','2019-04-04 16:32:30'),(68,'赵六',4,4,'6','2','22','小雪','010-12345678','135454444444','526300','东莞南城区西湖路','2019-04-04 16:32:30'),(69,'李安',2,2,'6','2','22','小雪','010-12345678','135454444444','526300','东莞南城区西湖路','2019-04-04 16:32:31'),(70,'李安',1,1,'6','2','22','小雪','010-12345678','135454444444','526300','东莞南城区西湖路','2019-04-04 16:32:31'),(71,'李安',2,2,'6','2','22','小雪','010-12345678','135454444444','526300','东莞南城区西湖路','2019-04-04 16:32:31'),(72,'李安',3,3,'6','2','22','小雪','010-12345678','135454444444','526300','东莞南城区西湖路','2019-04-04 16:32:31'),(73,'小七',2,2,'6','2','22','小雪','010-12345678','135454444444','526300','东莞南城区西湖路','2019-04-04 16:32:31'),(74,'李安',4,4,'6','2','22','小雪','010-12345678','135454444444','526300','东莞南城区西湖路','2019-04-04 16:32:32'),(75,'李安',3,3,'6','2','22','小雪','010-12345678','135454444444','526300','东莞南城区西湖路','2019-04-04 16:32:32'),(76,'李安',2,2,'6','2','22','小雪','010-12345678','135454444444','526300','东莞南城区西湖路','2019-04-04 16:32:32'),(77,'李安',4,4,'6','2','22','小雪','010-12345678','135454444444','526300','东莞南城区西湖路','2019-04-04 16:32:32'),(78,'小郑',3,3,'6','2','22','小雪','010-12345678','135454444444','526300','东莞南城区西湖路','2019-04-04 16:32:32'),(79,'李安',4,4,'6','2','22','小雪','010-12345678','135454444444','526300','东莞南城区西湖路','2019-04-04 16:32:32'),(80,'李安',2,2,'6','2','22','小雪','010-12345678','135454444444','526300','东莞南城区西湖路','2019-04-04 16:32:33'),(81,'小韩',4,4,'6','2','22','小雪','010-12345678','135454444444','526300','东莞南城区西湖路','2019-04-04 16:32:33'),(82,'小吴',4,4,'6','2','22','小雪','010-12345678','135454444444','526300','东莞南城区西湖路','2019-04-04 16:32:33'),(83,'李安',4,4,'6','2','22','小雪','010-12345678','135454444444','526300','东莞南城区西湖路','2019-04-04 16:32:33'),(84,'李安',4,4,'6','2','22','小雪','010-12345678','135454444444','526300','东莞南城区西湖路','2019-04-04 16:32:44'),(85,'李安',3,3,'6','2','22','小雪','010-12345678','135454444444','526300','东莞南城区西湖路','2019-04-04 16:32:44'),(86,'李安',2,2,'6','2','22','小雪','010-12345678','135454444444','526300','东莞南城区西湖路','2019-04-04 16:32:44'),(87,'李安',2,2,'6','2','22','小雪','010-12345678','135454444444','526300','东莞南城区西湖路','2019-04-04 16:32:45'),(88,'李安',1,1,'6','2','22','小雪','010-12345678','135454444444','526300','东莞南城区西湖路','2019-04-04 16:32:45'),(89,'小韩',3,3,'6','2','22','小雪','010-12345678','135454444444','526300','东莞南城区西湖路','2019-04-04 16:32:45'),(91,'小周',1,3,'7','4','23','啊城','010-456789','1356444444','526300','东莞南城区西湖路广东科技学院','2019-06-11 08:30:10'),(92,'周星星',NULL,3,'7','2','23','许冠霖','8832015','13556651743','526300','长安周润发','2019-06-20 10:28:00');
/*!40000 ALTER TABLE `customer` ENABLE KEYS */;
UNLOCK TABLES;

--
-- Table structure for table `sysuser`
--

DROP TABLE IF EXISTS `sysuser`;
/*!40101 SET @saved_cs_client     = @@character_set_client */;
 SET character_set_client = utf8mb4 ;
CREATE TABLE `sysuser` (
  `user_id` int(50) NOT NULL AUTO_INCREMENT,
  `user_code` varchar(50) DEFAULT NULL,
  `user_name` varchar(50) DEFAULT NULL,
  `user_password` varchar(32) DEFAULT NULL,
  `user_state` varchar(10) DEFAULT NULL,
  PRIMARY KEY (`user_id`)
) ENGINE=InnoDB AUTO_INCREMENT=16 DEFAULT CHARSET=utf8;
/*!40101 SET character_set_client = @saved_cs_client */;

--
-- Dumping data for table `sysuser`
--

LOCK TABLES `sysuser` WRITE;
/*!40000 ALTER TABLE `sysuser` DISABLE KEYS */;
INSERT INTO `sysuser` VALUES (1,'c001','小米','123456','1'),(2,'c002','小才','456789','1'),(3,'c003','小明','123','1'),(9,'c004','小周','456789','1'),(10,'c005','小董','123','1'),(11,'c008','小燕','123456','1'),(12,'c008','小燕','123456','1'),(13,'c0010','小星','123456','1'),(15,'c011','小詹','123456','1');
/*!40000 ALTER TABLE `sysuser` ENABLE KEYS */;
UNLOCK TABLES;
/*!40103 SET TIME_ZONE=@OLD_TIME_ZONE */;

/*!40101 SET SQL_MODE=@OLD_SQL_MODE */;
/*!40014 SET FOREIGN_KEY_CHECKS=@OLD_FOREIGN_KEY_CHECKS */;
/*!40014 SET UNIQUE_CHECKS=@OLD_UNIQUE_CHECKS */;
/*!40101 SET CHARACTER_SET_CLIENT=@OLD_CHARACTER_SET_CLIENT */;
/*!40101 SET CHARACTER_SET_RESULTS=@OLD_CHARACTER_SET_RESULTS */;
/*!40101 SET COLLATION_CONNECTION=@OLD_COLLATION_CONNECTION */;
/*!40111 SET SQL_NOTES=@OLD_SQL_NOTES */;

-- Dump completed on 2020-02-22 22:41:22
